<?xml version="1.0" encoding="utf-8" standalone="no"?>
<!DOCTYPE hi2txt SYSTEM "hi2txt.dtd">
<hi2txt label="Ace Attack">
  <!--
    tested with mame 0.159 and hiscore.dat 2015-07-01
    source: GreatStone
  //-->
  
  <structure file="nvram" byte-swap="2">
    <check>
      <!-- optional: if defined, it allows to select the good structure versus the provided file
                     useful if multiple structures are defined but hiscore.dat not provided //-->
      <size>16384</size>
    </check>
	<elt size="14336" type="raw" id="UNKNOWN"/>
    <loop count="40">
      <elt size="1" type="int"  id="LEVEL"/>
	  <elt size="1" type="int"  id="SCORE_1"/>
	  <elt size="1" type="int"  id="SCORE_2"/>
      <elt size="3" type="text" id="NAME" charset="aceattac"/>
	  <elt size="1" type="int"  id="UNKNOWN2"/>
      <elt size="1" type="raw"  id="UNKNOWN3"/>
    </loop>
  </structure>
  
  <output>
    <table>
      <column id="RANK" src="index" format="+1"/>
      <column id="LEVEL" format="level"/>
	  <column id="SCORE" format="score"/>
      <column id="NAME"/>
	  <column id="UNKNOWN2"             display="debug"/>
      <column id="UNKNOWN3" format="0x" display="debug"/>
    </table>
  </output>
  
  <format id="level">
    <case src="5" dst="FINAL"/>
	<case src="4" dst="SEMIFINAL"/>
    <case src="3" dst="3RD"/>
    <case src="2" dst="2ND"/>
    <case src="1" dst="1ST"/>
	<case src="0" dst="ELIMINATION" default="yes"/>
  </format>
  
  <format id="score">
    <concat>
	  <column id="SCORE_1"/>
	  <txt>x</txt>
	  <column id="SCORE_2"/>
	</concat>
  </format>
  
  <charset id="aceattac">
    <char src="0x84" dst="A"/>
    <char src="0x85" dst="B"/>
	<char src="0x86" dst="C"/>
	<char src="0x87" dst="D"/>
	<char src="0x88" dst="E"/>
	<char src="0x89" dst="F"/>
	<char src="0x8A" dst="G"/>
	<char src="0x8B" dst="H"/>
	<char src="0x8C" dst="I"/>
	<char src="0x8D" dst="J"/> <!-- ? -->
	<char src="0x8E" dst="J"/> <!-- ? -->
	<char src="0x8F" dst="K"/>
	<char src="0x90" dst="L"/>
	<char src="0x91" dst="M"/>
	<char src="0x92" dst="N"/>
	<char src="0x93" dst="O"/>
	<char src="0x94" dst="P"/>
	<char src="0x95" dst="Q"/>
	<char src="0x96" dst="R"/>
	<char src="0x97" dst="S"/>
	<char src="0x98" dst="T"/>
	<char src="0x99" dst="U"/>
	<char src="0x9A" dst="V"/>
	<char src="0x9B" dst="W"/>
	<char src="0x9C" dst="X"/>
	<char src="0x9D" dst="Y"/>
	<char src="0x9E" dst="Z"/>
  </charset>
</hi2txt>
