<?xml version="1.0" encoding="utf-8" standalone="no"?>
<!DOCTYPE hi2txt SYSTEM "hi2txt.dtd">
<hi2txt>
  <!--
    tested with mame 0.153 and hiscore.dat 2014-08-22
      source: GreatStone
  //-->
  
  <structure file=".hi">
    <check>
      <!-- optional: if defined and hiscore.dat provided, it allows to select the good structure versus the provided file //-->
      <definition>0:e3252:8c:00:20</definition>
      <!-- optional: if defined, it allows to select the good structure versus the provided file
                     useful if multiple structures are defined but hiscore.dat not provided //-->
      <size>140</size>
    </check>
    <loop count="10">
      <elt size="4"  type="int"  id="SCORE" endianness="little_endian" base="16"/>
      <elt size="10" type="text" id="NAME" charset="airass"/>
    </loop>
  </structure>
  
  <output>
    <table>
      <column id="RANK" src="index" format="+1"/>
      <column id="SCORE" format="*10"/>
      <column id="NAME" format="TrimR "/>
    </table>
  </output>
  
  <charset id="airass">
    <char src="0x5B" dst="("/>
    <char src="0x5C" dst="#"/>
    <char src="0x5D" dst=")"/>
    <char src="0x5E" dst="^"/>
    <char src="0x61" dst="&black-right-arrow-large;"/>
    <char src="0x62" dst="&black-spade;"/>
    <char src="0x63" dst="&black-heart;"/>
    <char src="0x64" dst="&black-diamond;"/>
    <char src="0x65" dst="&black-club;"/>
  </charset>
</hi2txt>
