<?xml version="1.0" encoding="utf-8" standalone="no"?>
<!DOCTYPE hi2txt SYSTEM "hi2txt.dtd">
<hi2txt>
  <!--
    tested with mame 0.148 and related hiscore.dat
      source: HiToText
  //-->
  
  <structure file=".hi">
    <check>
      <!-- optional: if defined and hiscore.dat provided, it allows to select the good structure versus the provided file //-->
      <definition>0:a3d4e:82:15:20</definition>                 <!-- airduelm72 -->
	  <definition>@:maincpu,program,d3d4e,82,15,20</definition> <!-- airduel -->
      <!-- optional: if defined, it allows to select the good structure versus the provided file
                     useful if multiple structures are defined but hiscore.dat not provided //-->
      <size>130</size>
    </check>
    <loop count="10">
      <elt size="3" type="int"  id="SCORE" endianness="little_endian" base="16"/>
      <elt size="1" type="int"  id="STAGE" base="16"/>
      <elt size="9" type="text" id="NAME"  charset="airduel"/>
    </loop>
  </structure>
  
  <output>
    <table>
      <column id="RANK" src="index" format="+1"/>
      <column id="SCORE" format="*100"/>
      <column id="NAME"/>
      <column id="STAGE" format="pad"/>
    </table>
  </output>
  
  <format id="+1"><add>1</add></format>
  <format id="*100"><multiply>100</multiply></format>
  <format id="pad"><pad direction="left" max="2">0</pad></format>
  
  <charset id="airduel">
    <char src="0x00" dst=" "/>
  </charset>
</hi2txt>