<?xml version="1.0" encoding="utf-8" standalone="no"?>
<!DOCTYPE hi2txt SYSTEM "hi2txt.dtd">
<hi2txt>
  <!--
    tested with mame 0.148 and related hiscore.dat
      source: HiToText
  //-->
  
  <structure file=".hi">
    <check>
      <!-- optional: if defined and hiscore.dat provided, it allows to select the good structure versus the provided file //-->
      <definition>0:1e30:38:00:48</definition>
      <!-- optional: if defined, it allows to select the good structure versus the provided file
                     useful if multiple structures are defined but hiscore.dat not provided //-->
      <size>56</size>
    </check>
    <loop count="8">
      <elt size="4" type="int"  id="SCORE" base="16"/>
      <elt size="3" type="text" id="NAME"/>
    </loop>
  </structure>
  
  <output>
    <table>
      <column id="RANK" src="index" format="+1"/>
      <column id="SCORE"/>
      <column id="NAME"/>
    </table>
  </output>
  
  <format id="+1"><add>1</add></format>
  
  <charset id="aliens">
    <char src="0x3C" dst="-"/>
    <char src="0x3D" dst="."/>
    <char src="0x3E" dst="?"/>
    <char src="0x3F" dst="!"/>
    <char src="0x40" dst=" "/>
    <char src="0x5B" dst="&apos;"/>
  </charset>
</hi2txt>
