<?xml version="1.0" encoding="utf-8" standalone="no"?>
<!DOCTYPE hi2txt SYSTEM "hi2txt.dtd">
<hi2txt>
  <!--
    tested with mame 0.148 and related hiscore.dat
      source: HiToText
  //-->
  
  <structure file=".hi">
    <check>
      <!-- optional: if defined and hiscore.dat provided, it allows to select the good structure versus the provided file //-->
      <definition>0:20f2bc:78:80:00</definition>
      <!-- optional: if defined, it allows to select the good structure versus the provided file
                     useful if multiple structures are defined but hiscore.dat not provided //-->
      <size>120</size>
    </check>
    <loop count="15">
      <elt size="4" type="int"  id="SCORE" endianness="little_endian"/>
      <elt size="3" type="text" id="NAME"  charset="alien3"/>
      <elt size="1" type="int"  id="GRADE"/>
    </loop>
  </structure>
  
  <output>
    <table>
      <column id="RANK" src="index" format="+1"/>
      <column id="SCORE"/>
      <column id="NAME"/>
      <column id="GRADE"/>
    </table>
  </output>
  
  <format id="+1"><add>1</add></format>
  
  <charset id="alien3">
    <char src="0x22" dst="…"/>
    <char src="0x27" dst="·"/>
    <char src="0x5B" dst="&black-star;"/>
    <char src="0x5C" dst="&black-heart;"/>
    <char src="0x5D" dst="&smiley;"/>
    <char src="0x5E" dst="&scissors;"/> <!-- unable to identify that... //-->
  </charset>
</hi2txt>
