<?xml version="1.0" encoding="utf-8" standalone="no"?>
<!DOCTYPE hi2txt SYSTEM "hi2txt.dtd">
<hi2txt>
  <!--
    tested with mame 0.148 and related hiscore.dat
      source: HiToText
  //-->
  
  <structure file=".hi">
    <check>
      <!-- optional: if defined and hiscore.dat provided, it allows to select the good structure versus the provided file //-->
      <definition>0:c26e:7b:00:2d
                  0:c220:3:00:00
                  0:E241:1:20:20
                  0:E221:1:20:20
                  0:E201:1:39:39
                  0:E1E1:1:30:30
                  0:E1C1:1:30:30
                  0:E1A1:1:30:30
                  0:E181:1:30:30</definition> <!-- alphaxz //-->
      <definition>0:c270:7b:00:2d
                  0:c220:3:00:00
                  0:E241:1:20:20
                  0:E221:1:20:20
                  0:E201:1:39:39
                  0:E1E1:1:30:30
                  0:E1C1:1:30:30
                  0:E1A1:1:30:30
                  0:E181:1:30:30</definition> <!-- m660 //-->
      <!-- optional: if defined, it allows to select the good structure versus the provided file
                     useful if multiple structures are defined but hiscore.dat not provided //-->
      <size>133</size>
    </check>
    <loop count="10">
      <elt size="3" type="int"  id="SCORE" base="16"/>
    </loop>
    <loop count="9">
      <elt size="3" type="text" id="NAME"  charset="alphaxz"/>
      <elt size="7" type="text" id="EMPTY STRING"/>
    </loop>
    <loop count="1" start="9">
      <elt size="3" type="text" id="NAME"  charset="alphaxz"/>
    </loop>
    <elt size="3" type="int"  id="TOP SCORE" base="16"/>
    <elt size="7" type="text" id="TOP SCORE STRING"/>
  </structure>
  
  <output>
    <table>
      <column id="RANK" src="index" format="+1"/>
      <column id="SCORE" format="*10"/>
      <column id="NAME"/>
      <column id="EMPTY STRING" display="debug"/>
    </table>
    <field id="TOP SCORE" format="*10" display="extra"/>
    <field id="TOP SCORE STRING" format="trim" display="debug"/>
  </output>
  
  <format id="+1"><add>1</add></format>
  <format id="*10"><multiply>10</multiply></format>
  <format id="trim"><trim direction="left"> </trim></format>
  
  <charset id="alphaxz">
    <char src="0x2A" dst="&black-heart;"/>
  </charset>
</hi2txt>
