<?xml version="1.0" encoding="utf-8" standalone="no"?>
<!DOCTYPE hi2txt SYSTEM "hi2txt.dtd">
<hi2txt>
  <!--
    tested with mame 0.148 and related hiscore.dat
      source: HiToText
  //-->
  
  <structure file=".hi">
    <check>
      <!-- optional: if defined and hiscore.dat provided, it allows to select the good structure versus the provided file //-->
      <definition>0:8200:1e:00:01
                  0:80a8:03:00:01</definition> <!-- amidar //-->
      <definition>0:4200:1e:00:01
                  0:40a8:03:00:01</definition> <!-- amidars //-->
      <!-- optional: if defined, it allows to select the good structure versus the provided file
                     useful if multiple structures are defined but hiscore.dat not provided //-->
      <size>33</size>
    </check>
    <loop count="10"><elt size="3" type="int" id="SCORE"     endianness="little_endian" base="16"/></loop>
                     <elt size="8" type="int" id="TOP SCORE" endianness="little_endian" base="16"/>
  </structure>
  
  <output>
    <table>
      <column id="RANK" src="index" format="+1"/>
      <column id="SCORE"/>
    </table>
    <field id="TOP SCORE" display="extra"/>
  </output>
  
  <format id="+1"><add>1</add></format>
</hi2txt>
