<?xml version="1.0" encoding="utf-8" standalone="no"?>
<!DOCTYPE hi2txt SYSTEM "hi2txt.dtd">
<hi2txt label="Andro Dunos">
  <!--
    tested with mame 0.159 and hiscore.dat 2015-07-01
    source: GreatStone
  //-->
  
  <structure file="saveram" byte-swap="2">
    <check>
      <!-- optional: if defined, it allows to select the good structure versus the provided file
                     useful if multiple structures are defined but hiscore.dat not provided //-->
      <size>65536</size>
    </check>
    <elt size="2208" type="raw" id="DATA"/>
    <loop count="10">
      <elt size="1" type="int"  id="RANK"/>
      <elt size="3" type="text" id="NAME" charset="androdun"/>
      <elt size="4" type="int"  id="SCORE" base="10"/>
    </loop>
  </structure>
  
  <output>
    <table>
      <column id="RANK"/>
      <column id="SCORE" format="*10"/>
      <column id="NAME"/>
    </table>
  </output>

  <charset id="androdun">
    <char src="0x5B" dst="."/>
    <char src="0x5C" dst=" "/>
    <char src="0x5D" dst="!"/>
    <char src="0x5E" dst="?"/>
  </charset>
</hi2txt>
