<?xml version="1.0" encoding="utf-8" standalone="no"?>
<!DOCTYPE hi2txt SYSTEM "hi2txt.dtd">
<hi2txt>
  <!--
    tested with mame 0.148 and related hiscore.dat
      source: HiToText
  //-->
  
  <structure file=".hi">
    <check>
      <!-- optional: if defined and hiscore.dat provided, it allows to select the good structure versus the provided file //-->
      <definition>0:80ef:3c:01:4c</definition> <!-- anteater //-->
      <definition>0:4ef:3c:00:20</definition>  <!-- anteaterg //-->
      <definition>0:4ef:3c:00:59</definition>  <!-- anteateruk //-->
      <!-- optional: if defined, it allows to select the good structure versus the provided file
                     useful if multiple structures are defined but hiscore.dat not provided //-->
      <size>60</size>
    </check>
    <loop count="10">
      <elt size="3" type="int"  id="SCORE" base="16"/>
      <elt size="3" type="text" id="NAME"  charset="anteater"/>
    </loop>
  </structure>
  
  <output>
    <table>
      <column id="RANK" src="index" format="+1"/>
      <column id="SCORE"/>
      <column id="NAME"/>
    </table>
  </output>
  
  <format id="+1"><add>1</add></format>
  
  <charset id="anteater">
    <char src="0x40" dst=" "/>
  </charset>
</hi2txt>
