<?xml version="1.0" encoding="utf-8" standalone="no"?>
<!DOCTYPE hi2txt SYSTEM "hi2txt.dtd">
<hi2txt label="Arabian">
  <!--
    tested with mame 0.181 and embedded hiscore.dat
    source: GreatStone
  //-->
  
  <structure file=".hi">
    <check>
      <!-- optional: if defined and hiscore.dat provided, it allows to select the good structure versus the provided file //-->
      <definition>@:maincpu,program,d384,3c,00,00
                  @:maincpu,program,d3bd,1,01,01</definition>
      <!-- optional: if defined, it allows to select the good structure versus the provided file
                     useful if multiple structures are defined but hiscore.dat not provided //-->
      <size>61</size>
    </check>
    <loop count="10">
      <elt size="3" type="text" id="NAME"  ascii-offset="55" charset="charconv"/>
	  <elt size="3" type="int"  id="SCORE" base="16"/>
    </loop>
    <elt size="1" type="raw" id="CHECK"/>
  </structure>
  
  <output>
    <table>
      <column id="RANK" src="index" format="+1"/>
      <column id="SCORE"/>
      <column id="NAME"/>
    </table>
    <field id="CHECK" display="extra" format="0x"/>
  </output>
  
  <charset id="charconv">
    <char src="0x00" dst=""/>
  </charset>
</hi2txt>
