<?xml version="1.0" encoding="utf-8" standalone="no"?>
<!DOCTYPE hi2txt SYSTEM "hi2txt.dtd">
<hi2txt>
  <!--
    tested with mame 0.148 and related hiscore.dat
      source: HiToText
  //-->
  
  <structure file=".hi">
    <check>
      <!-- optional: if defined and hiscore.dat provided, it allows to select the good structure versus the provided file //-->
      <definition>0:d45c:42:46:30
                  0:c040:3:00:00</definition>
      <!-- optional: if defined, it allows to select the good structure versus the provided file
                     useful if multiple structures are defined but hiscore.dat not provided //-->
      <size>69</size>
    </check>
    <loop count="5">
      <elt size="6" type="text" id="NAME" charset="arkarea"/>
    </loop>
    <elt size="6" type="text" id="NAME UNUSED" charset="arkarea"/>
    <loop count="5">
      <elt size="6" type="text"  id="SCORE"/>
    </loop>
    <elt size="3" type="int" id="TOP SCORE" base="16"/>
  </structure>
  
  <output>
    <table>
      <column id="RANK" src="index" format="+1"/>
      <column id="SCORE" format="*100"/>
      <column id="NAME"/>
    </table>
    <field id="TOP SCORE" format="*100" display="extra"/>
    <field id="NAME UNUSED" format="hexadecimal_string" display="debug"/>
  </output>
  
  <format id="+1"><add>1</add></format>
  <format id="*100"><multiply>100</multiply></format>
  
  <charset id="arkarea">
    <char src="0x00" dst=" "/>
    <char src="0x26" dst="&headset;"/> <!-- cherry //-->
    <char src="0x27" dst="&black-heart;"/>
  </charset>
</hi2txt>
