<?xml version="1.0" encoding="utf-8" standalone="no"?>
<!DOCTYPE hi2txt SYSTEM "hi2txt.dtd">
<hi2txt>
  <!--
    tested with mame 0.148 and related hiscore.dat
      source: HiToText
  //-->
  
  <structure file=".hi">
    <check>
      <!-- optional: if defined and hiscore.dat provided, it allows to select the good structure versus the provided file //-->
      <definition>0:611b6:4f:00:4a
                  0:61206:4:00:00</definition>
      <!-- optional: if defined, it allows to select the good structure versus the provided file
                     useful if multiple structures are defined but hiscore.dat not provided //-->
      <size>83</size>
    </check>
    <loop count="9">
      <elt size="4" type="int"  id="SCORE" base="16"/>
      <elt size="3" type="text" id="NAME"  charset="armedf"/>
      <elt size="1" type="raw"  id="UNUSED"/>
    </loop>
    <loop count="1" start="9">
      <elt size="4" type="int"  id="SCORE" base="16"/>
      <elt size="3" type="text" id="NAME"  charset="armedf"/>
    </loop>
    <elt size="4" type="int" id="TOP SCORE" base="16"/>
  </structure>
  
  <output>
    <table>
      <column id="RANK" src="index" format="+1"/>
      <column id="SCORE"/>
      <column id="NAME"/>
      <column id="UNUSED" format="0x" display="debug"/>
    </table>
    <field id="TOP SCORE" display="extra"/>
  </output>
  
  <charset id="armedf">
    <char src="0x5B" dst=" "/>
    <char src="0x5C" dst="&black-heart;"/>
    <char src="0x5D" dst="&amp;"/>
    <char src="0x5E" dst="."/>
  </charset>
</hi2txt>
