<?xml version="1.0" encoding="utf-8" standalone="no"?>
<!DOCTYPE hi2txt SYSTEM "hi2txt.dtd">
<hi2txt>
  <!--
    tested with mame 0.148 and related hiscore.dat
      source: HiToText
  //-->
  
  <structure file="earom">
    <check>
      <!-- optional: if defined, it allows to select the good structure versus the provided file
                     useful if multiple structures are defined but hiscore.dat not provided //-->
      <size>64</size>
    </check>
    <loop count="3">
      <elt size="3" type="int"  id="SCORE" endianness="little_endian" base="16"/>
      <elt size="3" type="text" id="NAME"  charset="astdelux" ascii-offset="54"/>
      <elt size="1" type="raw"  id="CHECKSUM"/>
    </loop>
  </structure>
  
  <output>
    <table line-ignore="SCORE:0">
      <column id="RANK" src="index" format="+1"/>
      <column id="SCORE"/>
      <column id="NAME"/>
      <column id="CHECKSUM" format="0x" display="debug"/>
    </table>
  </output>
  
  <charset id="astdelux">
    <char src="0x00" dst=" "/>
    <char src="0xFF" dst=" "/>
  </charset>
</hi2txt>
