<?xml version="1.0" encoding="utf-8" standalone="no"?>
<!DOCTYPE hi2txt SYSTEM "hi2txt.dtd">
<hi2txt>
  <!--
    tested with mame 0.148 and related hiscore.dat
      source: HiToText
  //-->
  
  <structure file=".hi">
    <check>
      <!-- optional: if defined and hiscore.dat provided, it allows to select the good structure versus the provided file //-->
      <definition>0:fe52:6f:41:30
                  0:d7f5:3:00:00</definition>
      <!-- optional: if defined, it allows to select the good structure versus the provided file
                     useful if multiple structures are defined but hiscore.dat not provided //-->
      <size>114</size>
    </check>
    <loop count="5">
      <elt size="7" type="text" id="NAME"/>
      <elt size="3" type="raw"  id="UNKNOWN 1"/>
      <elt size="6" type="text"  id="SCORE"/>
      <elt size="3" type="raw"  id="UNKNOWN 2"/>
    </loop>
    <loop count="1" start="5">
      <elt size="7" type="text" id="NAME"/>
      <elt size="3" type="raw"  id="UNKNOWN 1"/>
      <elt size="6" type="text"  id="SCORE"/>
    </loop>
    <elt size="3" type="int"  id="TOP SCORE" base="16"/>
  </structure>
  
  <output>
    <table>
      <column id="RANK" src="index" format="+1"/>
      <column id="SCORE" format="*10"/>
      <column id="NAME"/>
      <column id="UNKNOWN 1" format="0x" display="debug"/>
      <column id="UNKNOWN 2" format="0x" display="debug"/>
    </table>
    <field id="TOP SCORE" format="*10" display="extra"/>
  </output>
</hi2txt>
