<?xml version="1.0" encoding="utf-8" standalone="no"?>
<!DOCTYPE hi2txt SYSTEM "hi2txt.dtd">
<hi2txt>
  <!--
    tested with mame 0.148 and related hiscore.dat
      source: HiToText
  //-->
  
  <structure file=".hi">
    <check>
      <!-- optional: if defined and hiscore.dat provided, it allows to select the good structure versus the provided file //-->
      <definition>0:ffd90f:27:01:20</definition>
      <!-- optional: if defined, it allows to select the good structure versus the provided file
                     useful if multiple structures are defined but hiscore.dat not provided //-->
      <size>39</size>
    </check>
    <loop count="5">
      <elt size="3" type="int"  id="SCORE" base="16"/>
      <elt size="4" type="text" id="NAME"  charset="atomicp"/>
      <elt size="1" type="raw"  id="UNKNOWN"/>
      <!-- last 'unknown' is not extracted //-->
    </loop>
  </structure>
  
  <output>
    <table>
      <column id="RANK" src="index" format="+1"/>
      <column id="SCORE"/>
      <column id="NAME" format="trim"/>
      <column id="UNKNOWN" format="0x" display="debug"/>
    </table>
  </output>
  
  <format id="trim"><trim direction="right"> </trim></format>
  
  <charset id="atomicp">
    <char src="0x3C" dst="!"/>
    <char src="0x3D" dst="?"/>
    <char src="0x3E" dst="&black-heart;"/>
    <char src="0x3F" dst="&man;"/>
    <char src="0x40" dst="&woman;"/>
  </charset>
</hi2txt>
