<?xml version="1.0" encoding="utf-8" standalone="no"?>
<!DOCTYPE hi2txt SYSTEM "hi2txt.dtd">
<hi2txt>
  <!--
    tested with mame 0.148 and related hiscore.dat
      source: HiToText
  //-->
  
  <structure file=".hi">
    <check>
      <!-- optional: if defined and hiscore.dat provided, it allows to select the good structure versus the provided file //-->
      <definition>0:ffff7e:27:00:52</definition>
      <!-- optional: if defined, it allows to select the good structure versus the provided file
                     useful if multiple structures are defined but hiscore.dat not provided //-->
      <size>39</size>
    </check>
    <loop count="5">
      <elt size="4" type="int"  id="SCORE" base="16"/>
      <elt size="3" type="text" id="NAME"/>
      <elt size="1" type="raw"  id="UNKNOWN"/>
      <!-- last unknown not extracted //-->
    </loop>
  </structure>
  
  <output>
    <table>
      <column id="RANK" src="index" format="+1"/>
      <column id="SCORE"/>
      <column id="NAME"/>
      <column id="UNKNOWN" format="0x" display="debug"/>
    </table>
  </output>
</hi2txt>
