<?xml version="1.0" encoding="utf-8" standalone="no"?>
<!DOCTYPE hi2txt SYSTEM "hi2txt.dtd">
<hi2txt>
  <!--
    tested with mame 0.148 and related hiscore.dat
      source: HiToText
  //-->
  
  <structure file=".hi">
    <check>
      <!-- optional: if defined and hiscore.dat provided, it allows to select the good structure versus the provided file //-->
      <definition>0:6217:50:00:10</definition>
      <!-- optional: if defined, it allows to select the good structure versus the provided file
                     useful if multiple structures are defined but hiscore.dat not provided //-->
      <size>80</size>
    </check>
    <loop count="5">
      <elt size="3"  type="int"  id="SCORE" table-index="loop_reverse_index" endianness="little_endian" base="16"/>
      <elt size="13" type="text" id="NAME"  table-index="loop_reverse_index" charset="bagman" ascii-offset="48"/>
    </loop>
  </structure>
  
  <output>
    <table>
      <column id="RANK" src="index" format="+1"/>
      <column id="SCORE"/>
      <column id="NAME"/>
    </table>
  </output>
  
  <charset id="bagman">
    <char src="0x10" dst=" "/>
  </charset>
</hi2txt>
