<?xml version="1.0" encoding="utf-8" standalone="no"?>
<!DOCTYPE hi2txt SYSTEM "hi2txt.dtd">
<hi2txt>
  <!--
    tested with mame 0.148 and related hiscore.dat
      source: HiToText
  //-->
  
  <structure file=".hi">
    <check>
      <!-- optional: if defined and hiscore.dat provided, it allows to select the good structure versus the provided file //-->
      <definition>0:e590:a0:00:00
                  0:e018:7:00:00</definition>
      <!-- optional: if defined, it allows to select the good structure versus the provided file
                     useful if multiple structures are defined but hiscore.dat not provided //-->
      <size>167</size>
    </check>
    <loop count="10">
      <elt size="7" type="int"  id="SCORE" decoding-profile="bcd"/>
      <elt size="3" type="text" id="NAME"  charset="bankp"/>
      <elt size="2" type="int"  id="TIME"  endianness="little_endian"/>
      <elt size="2" type="int"  id="STAGE" decoding-profile="bcd"/>
      <elt size="2" type="raw"  id="UNUSED"/>
    </loop>
    <elt size="7" type="int" id="TOP SCORE" decoding-profile="bcd"/>
  </structure>
  
  <output>
    <table line-ignore="SCORE:0">
      <column id="RANK" src="index" format="+1"/>
      <column id="SCORE"/>
      <column id="NAME"/>
      <column id="TIME" format="time"/>
      <column id="STAGE"/>
      <column id="UNUSED" format="0x" display="debug"/>
    </table>
    <field id="TOP SCORE" display="extra"/>
  </output>
  
  <format id="time" input-as-subcolumns-input="true">
    <concat>
      <column format="d60"/>
      <field>:</field>
      <column format="%60"/>
    </concat>
  </format>
  
  <charset id="bankp">
    <char src="0x00" dst=" "/>
    <char src="0x3D" dst="."/>
  </charset>
</hi2txt>

