<?xml version="1.0" encoding="utf-8" standalone="no"?>
<!DOCTYPE hi2txt SYSTEM "hi2txt.dtd">
<hi2txt>
  <!--
    tested with mame 0.148 and related hiscore.dat
      source: HiToText
  //-->
  
  <structure file=".hi">
    <check>
      <!-- optional: if defined and hiscore.dat provided, it allows to select the good structure version the provided file //-->
      <definition>0:0074:04:00:00
                  0:00c0:06:00:00</definition>
      <!-- optional: if defined, it allows to select the good structure version the provided file
                     useful if multiple structures are defined, but hiscore.dat not provided //-->
      <size>10</size>
    </check>
  	<loop count="1">
	    <elt size="2" type="int"  id="SCORE_GT_1K"/>
	    <elt size="2" type="int"  id="SCORE_LT_1K"/>
	    <elt size="6" type="text" id="NAME" byte-skip="odd" ascii-offset="65"/>
	  </loop>
  </structure>
  
  <output>
  	<table>
      <column id="RANK" src="index" format="+1"/>
      <column id="SCORE" format="score"/>
      <column id="NAME"/>
    </table>
  </output>
  
  <format id="score">
  	<sum>
  		<column id="SCORE_GT_1K" format="*1000"/>
  		<column id="SCORE_LT_1K"/>
  	</sum>
  </format>
</hi2txt>
