<?xml version="1.0" encoding="utf-8" standalone="no"?>
<!DOCTYPE hi2txt SYSTEM "hi2txt.dtd">
<hi2txt>
  <!--
    tested with mame 0.148 and related hiscore.dat
      source: HiToText
  //-->
  
  <structure file=".hi">
    <check>
      <!-- optional: if defined and hiscore.dat provided, it allows to select the good structure versus the provided file //-->
      <definition>0:1d5fa4:78:32:05
                  0:1d5ece:4:00:00</definition> <!-- blockout //-->
      <definition>0:1d5fa2:78:32:05
                  0:1d5ece:4:00:00</definition> <!-- blockout2 //-->
      <!-- optional: if defined, it allows to select the good structure versus the provided file
                     useful if multiple structures are defined but hiscore.dat not provided //-->
      <size>124</size>
    </check>
    <loop count="10">
      <elt size="3" type="text" id="NAME"  charset="blockout" ascii-offset="34"/>
      <elt size="1" type="raw"  id="UNKNOWN"/>
    </loop>
    <loop count="10">
      <elt size="4" type="int"  id="SCORE" base="16"/>
    </loop>  
    <loop count="10">
      <elt size="4" type="int"  id="FACE" base="16"/>
    </loop>
    <elt size="4" type="int" id="TOP SCORE" base="16"/>
  </structure>
  
  <output>
    <table>
      <column id="RANK" src="index" format="+1"/>
      <column id="SCORE"/>
      <column id="NAME"/>
      <column id="FACE"/>
      <column id="UNKNOWN" format="0x" display="debug"/>
    </table>
    <field id="TOP SCORE" display="extra"/>
  </output>
  
  <charset id="blockout">
    <char src="0x0D" dst="."/>
    <char src="0x0F" dst="0"/>
    <char src="0x10" dst="1"/>
    <char src="0x11" dst="2"/>
    <char src="0x12" dst="3"/>
    <char src="0x13" dst="4"/>
    <char src="0x14" dst="5"/>
    <char src="0x15" dst="6"/>
    <char src="0x16" dst="7"/>
    <char src="0x17" dst="8"/>
    <char src="0x18" dst="9"/>
    <char src="0x53" dst=" "/>
  </charset>
</hi2txt>
