<?xml version="1.0" encoding="utf-8" standalone="no"?>
<!DOCTYPE hi2txt SYSTEM "hi2txt.dtd">
<hi2txt>
  <!--
    tested with mame 0.148 and related hiscore.dat
      source: HiToText
  //-->
  
  <structure file=".hi">
    <check>
      <!-- optional: if defined and hiscore.dat provided, it allows to select the good structure versus the provided file //-->
      <definition>0:10:3:07:00
                  0:62a2:3f:07:89</definition>
      <!-- optional: if defined, it allows to select the good structure versus the provided file
                     useful if multiple structures are defined but hiscore.dat not provided //-->
      <size>66</size>
    </check>
                     <elt size="3" type="int"  id="TOP SCORE" base="16"/>
    <loop count="10"><elt size="3" type="int"  id="SCORE"     base="16"/></loop>
                     <elt size="3" type="raw"  id="UNKNOWN"/>
    <loop count="10"><elt size="3" type="text" id="NAME"      charset="boomrang" ascii-offset="-64"/></loop>
  </structure>
  
  <output>
    <table>
      <column id="RANK" src="index" format="+1"/>
      <column id="SCORE"/>
      <column id="NAME"/>
    </table>
    <field id="TOP SCORE"             display="extra"/>
    <field id="UNKNOWN"   format="0x" display="debug"/>
  </output>
  
  <charset id="boomrang">
    <char src="0x00" dst=" "/>
    <char src="0x6C" dst=","/>
    <char src="0x6E" dst="."/>
  </charset>
</hi2txt>
