<?xml version="1.0" encoding="utf-8" standalone="no"?>
<!DOCTYPE hi2txt SYSTEM "hi2txt.dtd">
<hi2txt>
  <!--
    tested with mame 0.148 and related hiscore.dat
      source: HiToText
  //-->
  
  <structure file=".hi">
    <check>
      <!-- optional: if defined and hiscore.dat provided, it allows to select the good structure versus the provided file //-->
      <definition>0:ce00:5b:00:2e
                  0:ce97:3:00:60</definition>
      <!-- optional: if defined, it allows to select the good structure versus the provided file
                     useful if multiple structures are defined but hiscore.dat not provided //-->
      <size>94</size>
    </check>
    <loop count="7">
      <elt size="3"  type="int"  id="SCORE" base="16"/>
      <elt size="10" type="text" id="NAME"  charset="buraiken"/>
    </loop>
    <elt size="3" type="int"  id="TOP SCORE" base="16"/>
  </structure>
  
  <output>
    <table>
      <column id="RANK" src="index" format="+1"/>
      <column id="SCORE" format="*10"/>
      <column id="NAME"/>
    </table>
    <field id="TOP SCORE" format="*10" display="extra"/>
  </output>
  
  <charset id="buraiken">
    <char src="0x5B" dst="."/>
    <char src="0x5C" dst="&black-heart;"/>
  </charset>
</hi2txt>
