<?xml version="1.0" encoding="utf-8" standalone="no"?>
<!DOCTYPE hi2txt SYSTEM "hi2txt.dtd">
<hi2txt>
  <!--
    tested with mame 0.148 and related hiscore.dat
      source: HiToText
  //-->
  
  <structure file=".hi">
    <check>
      <!-- optional: if defined and hiscore.dat provided, it allows to select the good structure versus the provided file //-->
      <definition>0:0300:3c:05:38</definition>
      <!-- optional: if defined, it allows to select the good structure versus the provided file
                     useful if multiple structures are defined but hiscore.dat not provided //-->
      <size>60</size>
    </check>
    <loop count="10">
      <elt size="2" type="int"  id="SCORE" endianness="little_endian" base="16"/>
      <elt size="1" type="raw"  id="UNKNOWN"/>
    </loop>
    <loop count="10">
      <elt size="3" type="text" id="NAME"  charset="bzone" ascii-offset="54" ascii-step="2"/>
    </loop>
  </structure>
  
  <output>
    <table>
      <column id="RANK" src="index" format="+1"/>
      <column id="SCORE" format="*1000"/>
      <column id="NAME"/>
      <column id="UNKNOWN" format="0x" display="debug"/>
    </table>
  </output>
  
  <charset id="bzone">
    <char src="0x00" dst=" "/>
    <char src="0x4A" dst=" "/>
  </charset>
</hi2txt>
