<?xml version="1.0" encoding="utf-8" standalone="no"?>
<!DOCTYPE hi2txt SYSTEM "hi2txt.dtd">
<hi2txt>
  <!--
    tested with mame 0.148 and related hiscore.dat
      source: HiToText
  //-->
  
  <structure file=".hi">
    <check>
      <!-- optional: if defined and hiscore.dat provided, it allows to select the good structure versus the provided file //-->
      <definition>0:42167:63:44:00</definition>
      <!-- optional: if defined, it allows to select the good structure versus the provided file
                     useful if multiple structures are defined but hiscore.dat not provided //-->
      <size>99</size>
    </check>
    <loop count="10">
      <elt size="3" type="text" id="NAME"/>
      <elt size="4" type="int"  id="SCORE" base="16"/>
      <elt size="1" type="raw"  id="UNKNOWN 1"/>
      <elt size="1" type="int"  id="STAGE"/>
      <elt size="1" type="raw"  id="UNKNOWN 2"/>
    </loop>
  </structure>
  
  <output>
    <table>
      <column id="RANK" src="index" format="+1"/>
      <column id="SCORE"/>
      <column id="NAME"/>
      <column id="STAGE" format="stage;stage_all"/>
      <column id="UNKNOWN 1" format="0x" display="debug"/>
      <column id="UNKNOWN 2" format="0x" display="debug"/>
    </table>
  </output>
  
  <format id="stage" input-as-subcolumns-input="true">
    <concat>
      <column format="d4;+1"/>
      <column>-</column>
      <column format="%4;+1"/>
    </concat>
  </format>
  <format id="stage_all"> <!-- 20 = (5+1)+"-"+(0+1) = 6-1 //-->
    <case src="6-1" dst="ALL"/>
  </format>
</hi2txt>
