<?xml version="1.0" encoding="utf-8" standalone="no"?>
<!DOCTYPE hi2txt SYSTEM "hi2txt.dtd">
<hi2txt>
  <!--
    tested with mame 0.148 and related hiscore.dat
      source: HiToText
  //-->
  
  <structure file=".hi">
    <check>
      <!-- optional: if defined and hiscore.dat provided, it allows to select the good structure versus the provided file //-->
      <definition>0:e397:3c:00:00
                  0:e5a2:9:20:20</definition>
      <!-- optional: if defined, it allows to select the good structure versus the provided file
                     useful if multiple structures are defined but hiscore.dat not provided //-->
      <size>69</size>
    </check>
    <loop count="30"><elt size="2" type="int"  id="SCORE" endianness="little_endian" base="16"/></loop>
    <loop count="3"> <elt size="3" type="text" id="NAME"/></loop>
  </structure>
  
  <output>
    <table lines-max="3" line-ignore="SCORE:0">
      <column id="RANK" src="index" format="+1"/>
      <column id="SCORE" format="*10"/>
      <column id="NAME"/>
    </table>
  </output>
</hi2txt>
