<?xml version="1.0" encoding="utf-8" standalone="no"?>
<!DOCTYPE hi2txt SYSTEM "hi2txt.dtd">
<hi2txt>
  <!--
    tested with mame 0.148 and related hiscore.dat
      source: HiToText
  //-->
  
  <structure file=".hi">
    <check>
      <!-- optional: if defined and hiscore.dat provided, it allows to select the good structure versus the provided file //-->
      <definition>0:9:3:12:01
                  0:7800:f:01:82
                  0:9800:f:4d:4d</definition>
      <!-- optional: if defined, it allows to select the good structure versus the provided file
                     useful if multiple structures are defined but hiscore.dat not provided //-->
      <size>33</size>
    </check>
                    <elt size="3" type="int"  id="TOP SCORE" base="16" endianness="little_endian"/>  
    <loop count="5"><elt size="3" type="int"  id="SCORE"     base="16"/></loop>
    <loop count="5"><elt size="3" type="text" id="NAME"      charset="cburnrub" ascii-offset="6"/></loop>
  </structure>
  
  <output>
    <table>
      <column id="RANK" src="index" format="+1"/>
      <column id="SCORE"/>
      <column id="NAME"/>
    </table>
    <field id="TOP SCORE" display="extra"/>
  </output>
  
  <charset id="cburnrub">
    <char src="0x00" dst=" "/>
    <char src="0x55" dst="!"/>
    <char src="0x56" dst=":"/>
    <char src="0x57" dst=","/>
    <char src="0x58" dst="."/>
  </charset>
</hi2txt>
