<?xml version="1.0" encoding="utf-8" standalone="no"?>
<!DOCTYPE hi2txt SYSTEM "hi2txt.dtd">
<hi2txt>
  <!--
    tested with mame 0.148 and related hiscore.dat
      source: HiToText
  //-->
  
  <structure file=".hi">
    <check>
      <!-- optional: if defined and hiscore.dat provided, it allows to select the good structure versus the provided file //-->
      <definition>0:8083:03:02:00
                  0:8095:0a:30:52
                  0:8086:03:02:00
                  0:80a3:0a:30:52
                  0:8089:03:02:00
                  0:80b1:0a:30:52
                  0:808c:03:02:00
                  0:80bf:0a:30:52
                  0:808f:03:02:00
                  0:80cd:0a:30:52</definition> <!-- cclimber //-->
      <definition>0:8083:03:02:00
                  0:8095:0a:15:52
                  0:8086:03:02:00
                  0:80a3:0a:15:52
                  0:8089:03:02:00
                  0:80b1:0a:15:52
                  0:808c:03:02:00
                  0:80bf:0a:15:52
                  0:808f:03:02:00
                  0:80cd:0a:15:52</definition> <!-- ccboot2 //-->
      <!-- optional: if defined, it allows to select the good structure versus the provided file
                     useful if multiple structures are defined but hiscore.dat not provided //-->
      <size>65</size>
    </check>
    <loop count="5">
      <elt size="3"  type="int"  id="SCORE" base="16"/>
      <elt size="10" type="text" id="NAME"  charset="cclimber" ascii-offset="55"/>
    </loop>
  </structure>
  
  <output>
    <table>
      <column id="RANK" src="index" format="+1"/>
      <column id="SCORE"/>
      <column id="NAME" format="nichibutsu"/>
    </table>
  </output>
  
  <format id="nichibutsu"><case src="ghijklmn  " dst="Nichibutsu"/></format>
  
  <charset id="cclimber">
    <char src="0x2C" dst=" "/>
    <char src="0x52" dst=" "/>
  </charset>
</hi2txt>
