<?xml version="1.0" encoding="utf-8" standalone="no"?>
<!DOCTYPE hi2txt SYSTEM "hi2txt.dtd">
<hi2txt>
  <!--
    tested with mame 0.148 and related hiscore.dat
      source: HiToText
  //-->
  
  <structure file="earom">
    <check>
      <!-- optional: if defined, it allows to select the good structure versus the provided file
                     useful if multiple structures are defined but hiscore.dat not provided //-->
      <size>64</size>
    </check>
    <loop count="3">
      <elt size="3" type="int"  id="SCORE" endianness="little_endian" base="16"/>
    </loop>
    <loop count="3">
      <elt size="3" type="text" id="NAME"  charset="centiped" ascii-offset="64"/>
    </loop>
  </structure>
  <structure file=".hi">
    <check>
      <!-- optional: if defined and hiscore.dat provided, it allows to select the good structure versus the provided file //-->
      <definition>0:000b:0f:10:01
                  0:0023:0f:04:12</definition>
      <!-- optional: if defined, it allows to select the good structure versus the provided file
                     useful if multiple structures are defined but hiscore.dat not provided //-->
      <size>30</size>
    </check>
    <loop count="5" start="3">
      <elt size="3" type="int"  id="SCORE" endianness="little_endian" base="16"/>
    </loop>
    <loop count="5" start="3">
      <elt size="3" type="text" id="NAME"  charset="centiped" ascii-offset="64"/>
    </loop>
  </structure>
  
  <output>
    <table>
      <column id="RANK" src="index" format="+1"/>
      <column id="SCORE"/>
      <column id="NAME"/>
    </table>
  </output>
  
  <charset id="centiped">
    <char src="0x00" dst=" "/>
  </charset>
</hi2txt>
